product,price
Taro Leaves,$21.61
Syrup - Monin - Granny Smith,$12.36
Pepper - Chili Powder,$22.81
Garlic - Peeled,$5.32
Smirnoff Green Apple Twist,$27.58
Flower - Potmums,$22.50
"Red Snapper - Fillet, Skin On",$23.05
Flour - So Mix Cake White,$16.53
Crab - Imitation Flakes,$17.00
Broom - Push,$28.29
Muffin - Banana Nut Individual,$24.46
"Chicken - Leg, Boneless",$19.85
Ecolab - Hobart Upr Prewash Arm,$20.54
Island Oasis - Strawberry,$17.62
Bread - Raisin,$5.57
Wine - Chateau Timberlay,$29.01
"Coffee - Colombian, Portioned",$17.84
Daikon Radish,$18.78
Paper Cocktail Umberlla 80 - 180,$6.82
Mushroom - Chanterelle Frozen,$23.84
"Pepsi, 355 Ml",$22.23
Chinese Foods - Cantonese,$1.14
Celery Root,$9.71
Bacardi Breezer - Strawberry,$12.93
"Ice - Clear, 300 Lb For Carving",$15.85
Dried Apple,$6.85
Scallops - 20/30,$14.59
Foil Wrap,$24.60
Buffalo - Tenderloin,$3.61
Carbonated Water - Blackcherry,$14.55
Wood Chips - Regular,$21.82
"Juice - Apple, 1.36l",$26.45
"Nut - Almond, Blanched, Sliced",$7.82
Longos - Chicken Cordon Bleu,$8.44
"Juice - Grape, White",$23.54
Cheese - Marble,$16.06
"Mushroom - Shitake, Fresh",$21.60
Grenadillo,$27.89
Tarts Assorted,$16.51
Numi - Assorted Teas,$8.41
Wine - Puligny Montrachet A.,$6.28
Dill Weed - Fresh,$24.59
Tomatoes - Grape,$17.91
Rosemary - Fresh,$16.54
Maple Syrup,$6.52
Longos - Chicken Curried,$26.65
Cheese - Roquefort Pappillon,$1.93
External Supplier,$2.16
"Asparagus - Green, Fresh",$18.18
Nori Sea Weed,$23.20
"Wine - Red, Antinori Santa",$5.42
Hipnotiq Liquor,$20.22
Blueberries - Frozen,$15.00
Sprouts - Onion,$12.45
Okra,$12.82
Mustard Prepared,$1.08
Cod - Black Whole Fillet,$26.29
Butcher Twine 4r,$6.54
Veal - Kidney,$11.57
Towels - Paper / Kraft,$13.74
"Potatoes - Instant, Mashed",$1.98
Cocoa Powder - Dutched,$1.31
Fuji Apples,$26.44
Wine - Baron De Rothschild,$5.22
Barramundi,$14.08
Cornstarch,$23.40
Port - 74 Brights,$12.62
Cream - 35%,$13.63
Soup Campbells Split Pea And Ham,$8.82
Yoplait Drink,$12.21
Mushroom - Chanterelle Frozen,$25.77
"Wine - Red, Wolf Blass, Yellow",$23.30
Food Colouring - Blue,$1.80
Sprouts - Peppercress,$17.64
Salt - Sea,$24.32
Chocolate - Semi Sweet,$12.84
Rice - 7 Grain Blend,$7.48
Truffle Shells - White Chocolate,$29.27
The Pop Shoppe - Cream Soda,$19.72
"Mushroom - Oyster, Fresh",$12.41
The Pop Shoppe - Lime Rickey,$21.35
"Juice - Apple, 341 Ml",$5.90
Tuna - Loin,$13.30
Nantucket Orange Juice,$24.91
Tuna - Yellowfin,$23.23
"Lamb - Leg, Diced",$12.36
Chocolate - Chips Compound,$7.77
Zucchini - Green,$11.30
Gherkin - Sour,$19.13
Sole - Fillet,$17.97
Lettuce - Baby Salad Greens,$23.01
Toamtoes 6x7 Select,$7.70
Mace Ground,$24.48
Wine - Black Tower Qr,$22.37
Pants Custom Dry Clean,$23.76
Veal - Leg,$25.48
"Chocolate - Pistoles, Lactee, Milk",$20.28
Beans - Butter Lrg Lima,$22.82
Pepper - Yellow Bell,$27.60
Bread Roll Foccacia,$11.94
Muffin - Bran Ind Wrpd,$24.22
Rye Special Old,$25.71
Island Oasis - Lemonade,$21.13
"Soup - Campbells, Butternut",$17.47
Eggwhite Frozen,$17.63
Cookie - Dough Variety,$8.36
Numi - Assorted Teas,$20.33
Madeira,$16.60
Wine - Chardonnay South,$5.22
Jam - Apricot,$1.54
"Pasta - Lasagna Noodle, Frozen",$13.42
Fish - Bones,$25.04
"Pasta - Penne Primavera, Single",$10.14
"Orange - Canned, Mandarin",$10.73
Salt - Seasoned,$1.18
V8 Splash Strawberry Kiwi,$3.58
Flour - Strong,$7.27
Cheese - Feta,$17.86
"Tart Shells - Sweet, 3",$15.20
"Star Anise, Whole",$10.67
Pickle - Dill,$29.57
Cocktail Napkin Blue,$4.26
Cream Of Tartar,$10.43
"Pepper - Black, Whole",$11.70
Icecream - Dstk Super Cone,$8.01
Salmon - Canned,$25.30
Beets - Pickled,$3.09
Wiberg Super Cure,$19.96
Sausage - Blood Pudding,$7.08
Dooleys Toffee,$28.64
Bag Stand,$18.48
"Pepper - Green, Chili",$12.37
"Ecolab - Orange Frc, Cleaner",$15.49
Container - Clear 16 Oz,$24.48
Salt - Table,$29.27
Wine - Savigny - Les - Beaune,$17.15
Miso - Soy Bean Paste,$16.92
Ginger - Crystalized,$29.76
Pork - Backfat,$2.97
Appetizer - Chicken Satay,$23.76
Sausage - Chorizo,$26.74
"Extract - Vanilla,artificial",$14.19
"Pasta - Rotini, Colour, Dry",$13.13
Cake - Mini Cheesecake,$26.39
"Wine - Red, Lurton Merlot De",$10.26
Nantucket Cranberry Juice,$2.75
Truffle Cups Green,$16.49
Chips Potato Swt Chilli Sour,$15.89
"Brandy - Orange, Mc Guiness",$17.18
Jameson - Irish Whiskey,$5.34
Chocolate - Dark,$9.40
Strawberries - California,$22.26
Sage - Ground,$9.12
Table Cloth 54x72 Colour,$24.52
Soup - Campbells Beef Stew,$20.37
Wine - Vidal Icewine Magnotta,$10.80
Calypso - Strawberry Lemonade,$21.32
Spinach - Spinach Leaf,$2.99
Veal - Heart,$18.58
"Yogurt - Cherry, 175 Gr",$21.29
Veal - Liver,$9.98
Foil Wrap,$3.66
Smoked Tongue,$11.06
Veal - Striploin,$7.80
Creme De Cacao Mcguines,$24.02
Beans - Butter Lrg Lima,$17.34
Pork - Inside,$27.87
"Basil - Primerba, Paste",$22.98
Pie Pecan,$9.34
Bread - Raisin Walnut Oval,$5.55
"Wine - Magnotta - Red, Baco",$3.15
"Beef - Tenderlion, Center Cut",$5.95
Sherbet - Raspberry,$25.05
True - Vue Containers,$17.47
Stainless Steel Cleaner Vision,$4.89
Beef - Inside Round,$24.82
Bacardi Breezer - Strawberry,$21.23
Appetizer - Tarragon Chicken,$9.72
Tea - Herbal - 6 Asst,$25.09
Vodka - Moskovskaya,$27.30
"Cheese - Romano, Grated",$19.72
Dc - Sakura Fu,$20.07
Urban Zen Drinks,$19.52
Wine - Gato Negro Cabernet,$20.17
Rootbeer,$9.98
Creme De Menth - White,$11.98
Beer - Molson Excel,$20.22
"Rice Pilaf, Dry,package",$9.51
Nougat - Paste / Cream,$20.53
Wine - Pinot Noir Pond Haddock,$19.83
Corn Syrup,$27.68
Bandage - Flexible Neon,$26.09
Chocolate - White,$1.26
Dasheen,$22.40
Mushroom - Lg - Cello,$27.01
"Bread - Pullman, Sliced",$29.62
French Kiss Vanilla,$5.08
"Tart Shells - Sweet, 4",$26.89
Tuna - Sushi Grade,$8.29
"Bread - Dark Rye, Loaf",$12.93
Water - Evian 355 Ml,$5.02
"Veal - Leg, Provimi - 50 Lb Max",$1.49
Salmon Steak - Cohoe 8 Oz,$20.80
"Jam - Strawberry, 20 Ml Jar",$4.77
"Wine - White, Pinot Grigio",$7.99
"Cheese - Boursin, Garlic / Herbs",$20.55
Chicken - Livers,$9.44
Bay Leaf,$8.60
Cake - Box Window 10x10x2.5,$15.14
Flour - Fast / Rapid,$11.97
Cups 10oz Trans,$20.10
Parsley - Fresh,$20.62
"Mushrooms - Black, Dried",$4.18
Wine - Chardonnay Mondavi,$3.45
Curry Powder,$29.67
Bag Stand,$2.65
Muffin - Mix - Bran And Maple 15l,$17.44
Tea - Jasmin Green,$20.74
Beer - True North Lager,$5.08
Raisin - Golden,$10.98
Raspberries - Fresh,$1.34
"Rum - Coconut, Malibu",$11.54
"Nut - Walnut, Chopped",$10.64
Lettuce - Baby Salad Greens,$23.88
Salt - Seasoned,$26.89
Wine - Valpolicella Masi,$12.92
"Pepper - Green, Chili",$24.05
"Ecolab - Orange Frc, Cleaner",$28.09
Water - Green Tea Refresher,$25.71
Vol Au Vents,$6.36
Sauce - Plum,$22.61
Wine - Fino Tio Pepe Gonzalez,$10.31
"Leeks - Baby, White",$1.31
"Crush - Grape, 355 Ml",$21.60
Calypso - Pineapple Passion,$18.53
Onions - Vidalia,$13.84
Beef - Shank,$17.98
"Nut - Peanut, Roasted",$22.05
Tomatoes - Hot House,$24.74
Muffin Mix - Oatmeal,$4.87
"Soup - Canadian Pea, Dry Mix",$15.35
Bread - Granary Small Pull,$22.03
Longos - Grilled Veg Sandwiches,$8.69
Soup Campbells Mexicali Tortilla,$6.93
Beef Flat Iron Steak,$10.34
Vinegar - White,$2.68
Cinnamon - Stick,$18.69
Mousse - Banana Chocolate,$6.55
Ecolab Crystal Fusion,$20.05
Wood Chips - Regular,$9.36
Pork - Back Ribs,$4.63
Lambcasing,$21.20
Croissants Thaw And Serve,$12.16
"Bread - Dark Rye, Loaf",$27.37
"Bread - Sticks, Thin, Plain",$20.20
"Olives - Black, Pitted",$9.41
Corn Kernels - Frozen,$14.73
Godiva White Chocolate,$29.98
"Pepper - White, Ground",$24.42
Chocolate Bar - Smarties,$27.57
Orange Roughy 4/6 Oz,$28.22
Teriyaki Sauce,$17.25
Piping Jelly - All Colours,$18.74
Chicken Thigh - Bone Out,$24.30
Lobster - Tail 6 Oz,$25.06
"Nestea - Ice Tea, Diet",$26.90
"Pork - Butt, Boneless",$9.67
"Zucchini - Mini, Green",$28.53
"Pork - Tenderloin, Frozen",$27.90
Turkey Leg With Drum And Thigh,$16.40
"Nut - Almond, Blanched, Whole",$24.85
Puree - Raspberry,$15.95
Foam Espresso Cup Plain White,$13.51
"Cherries - Maraschino,jar",$9.04
Pie Shell - 9,$11.30
Soup Campbells,$6.35
Sole - Fillet,$20.02
Chevere Logs,$17.75
Cheese Cloth No 60,$4.86
Longos - Burritos,$11.96
Beef - Inside Round,$10.29
Raisin - Golden,$25.48
"Veal - Round, Eye Of",$9.48
"Oil - Truffle, Black",$2.42
Cheese - Sheep Milk,$16.80
Tart - Raisin And Pecan,$28.89
Bread - Raisin,$15.71
Ice Cream - Fudge Bars,$6.98
Squid - Breaded,$1.38
Cinnamon - Ground,$7.24
Shrimp - 100 / 200 Cold Water,$9.88
"Ecolab - Orange Frc, Cleaner",$9.99
Tea - Lemon Scented,$26.02
Tahini Paste,$25.15
Beer - True North Lager,$28.08
Cookie Trail Mix,$3.82
Pastry - Cherry Danish - Mini,$20.03
Pastry - Baked Scones - Mini,$12.44
Sprouts - Peppercress,$27.49
Marjoram - Fresh,$20.44
Island Oasis - Sweet And Sour Mix,$29.90
Honey - Lavender,$19.71
"Wine - Red, Pelee Island Merlot",$25.75
Cabbage - Green,$15.18
Mayonnaise,$3.91
"Pepsi, 355 Ml",$13.30
"Crush - Grape, 355 Ml",$1.13
Table Cloth 62x114 Colour,$8.27
"Wine - Red, Pelee Island Merlot",$22.97
Wine - Ice Wine,$15.68
Lime Cordial - Roses,$5.25
Soup - Campbellschix Stew,$11.80
Gelatine Leaves - Envelopes,$12.70
Mousse - Passion Fruit,$28.55
Yoplait Drink,$5.83
"Salt - Rock, Course",$8.86
Pastry - Plain Baked Croissant,$15.04
"Napkin - Cocktail,beige 2 - Ply",$29.47
Bag Stand,$26.26
Yeast Dry - Fleischman,$27.98
"Mushroom - Enoki, Dry",$5.41
Cake - Cheese Cake 9 Inch,$22.62
Dried Peach,$20.75
"Wine - Red, Concha Y Toro",$2.24
Grapefruit - White,$5.92
"Rum - Light, Captain Morgan",$2.98
Sandwich Wrap,$8.04
Salt And Pepper Mix - White,$10.76
Salmon - Canned,$12.61
Cheese - Mozzarella,$7.80
Muffin - Mix - Creme Brule 15l,$23.48
Carbonated Water - Strawberry,$7.70
Flour - Chickpea,$9.31
Versatainer Nc - 9388,$8.72
Ketchup - Tomato,$6.76
Ice Cream Bar - Oreo Cone,$16.69
Bread Crumbs - Japanese Style,$15.85
"Artichoke - Bottom, Canned",$29.10
"Cherries - Bing, Canned",$1.42
Icecream Cone - Areo Chocolate,$3.89
Shrimp - Black Tiger 6 - 8,$3.82
Versatainer Nc - 9388,$5.16
Lamb Tenderloin Nz Fr,$12.12
"Pork - Sausage, Medium",$25.39
Wine - Cave Springs Dry Riesling,$25.83
Wine - Delicato Merlot,$20.83
Grapefruit - White,$2.48
Food Colouring - Red,$20.34
"Nut - Hazelnut, Whole",$17.48
Croissants Thaw And Serve,$22.59
Ocean Spray - Ruby Red,$4.66
"Beef - Kindney, Whole",$25.38
Boogies,$7.25
Cloves - Whole,$6.45
Cheese - Bocconcini,$17.58
Broom - Angled,$9.20
Pail For Lid 1537,$26.12
Pepper - Green,$20.26
Cheese - Perron Cheddar,$2.44
Sausage - Meat,$15.94
Squash - Guords,$24.78
Grapes - Red,$21.85
Longos - Grilled Chicken With,$28.64
Beef - Flank Steak,$3.33
Salad Dressing,$1.53
Cup - Translucent 7 Oz Clear,$3.55
Ecolab - Medallion,$21.66
Icecream Bar - Del Monte,$19.25
Lobak,$9.26
Nantucket - Orange Mango Cktl,$14.26
Curry Powder Madras,$24.80
Table Cloth 90x90 White,$20.67
Beef - Ground Medium,$11.55
Breakfast Quesadillas,$10.85
Oil - Peanut,$14.35
Truffle Cups Green,$24.46
Galliano,$18.22
"Nut - Walnut, Chopped",$13.55
Wine - Trimbach Pinot Blanc,$20.78
Bagels Poppyseed,$22.36
Jolt Cola - Red Eye,$9.43
"Wine - Magnotta, Merlot Sr Vqa",$6.20
"Sprite, Diet - 355ml",$2.70
Smoked Paprika,$9.67
Meldea Green Tea Liquor,$14.60
Carbonated Water - Lemon Lime,$3.83
Filo Dough,$10.86
Rice - Aborio,$9.61
Filter - Coffee,$19.95
Absolut Citron,$6.62
Pastry - Apple Large,$22.34
"Tomatoes - Vine Ripe, Yellow",$24.06
Shichimi Togarashi Peppeers,$14.64
Soupfoamcont12oz 112con,$15.85
Bagel - Ched Chs Presliced,$17.43
Ecolab Silver Fusion,$6.12
Wine - Kwv Chenin Blanc South,$25.02
Pate - Peppercorn,$7.45
Lemon Tarts,$27.38
"Wine - White, Lindemans Bin 95",$19.74
Wine - Riesling Dr. Pauly,$12.87
Maple Syrup,$5.48
Beer - Blue,$29.70
Bagelers,$6.78
Puree - Passion Fruit,$1.35
"Veal - Brisket, Provimi, Bone - In",$21.50
Mustard Prepared,$23.25
Bar Mix - Lime,$6.30
Nacho Chips,$14.67
"Beef - Rib Roast, Capless",$22.55
Wine - Ej Gallo Sierra Valley,$18.14
Bread - Bistro White,$2.18
Flavouring - Orange,$11.65
Otomegusa Dashi Konbu,$21.36
Cheese - Goat With Herbs,$6.96
Yoplait Drink,$7.61
Nantucket - Carrot Orange,$4.58
Bread - Malt,$18.94
"Nut - Pine Nuts, Whole",$15.72
Cabbage - Green,$21.13
Piping - Bags Quizna,$25.75
Glaze - Apricot,$26.20
"Soup - Cream Of Broccoli, Dry",$2.96
Beef Dry Aged Tenderloin Aaa,$14.05
Veal - Inside,$27.43
"Soup - Campbells, Chix Gumbo",$11.77
Creme De Banane - Marie,$4.47
Island Oasis - Wildberry,$20.87
Peach - Halves,$18.85
"Wine - Red, Harrow Estates, Cab",$6.02
Basil - Pesto Sauce,$5.44
Wine - Riesling Alsace Ac 2001,$8.43
Wine - Penfolds Koonuga Hill,$28.95
Pastry - French Mini Assorted,$11.66
Broom Handle,$5.12
Pasta - Canelloni,$4.58
Cafe Royale,$17.75
Scallops - U - 10,$14.59
Nantucket Apple Juice,$24.95
Rice Paper,$16.86
"Cheese - Cheddar, Medium",$2.02
"Beans - Black Bean, Preserved",$15.71
Island Oasis - Sweet And Sour Mix,$20.67
Chocolate Bar - Smarties,$6.59
Tequila Rose Cream Liquor,$25.89
Macaroons - Two Bite Choc,$23.66
Cheese - Pied De Vents,$20.42
Beer - Mcauslan Apricot,$2.14
"Oranges - Navel, 72",$20.16
Basil - Thai,$29.34
Tea - Jasmin Green,$12.96
Wine - Kwv Chenin Blanc South,$7.38
Chick Peas - Canned,$1.98
Cheese - Blue,$20.39
Pike - Frozen Fillet,$26.59
Wine - Sogrape Mateus Rose,$16.19
Sugar - Brown,$10.03
Muffin Batt - Blueberry Passion,$8.24
Pasta - Fusili Tri - Coloured,$18.86
Mussels - Frozen,$8.72
Pastry - Baked Scones - Mini,$24.65
Appetizer - Smoked Salmon / Dill,$5.87
"Vermacelli - Sprinkles, Assorted",$2.86
Lettuce - Boston Bib,$18.99
Lamb Shoulder Boneless Nz,$6.45
Smoked Paprika,$29.24
Bread - Corn Muffaletta,$7.00
Table Cloth 62x114 Colour,$7.88
Pie Shell - 9,$24.52
Beer - Pilsner Urquell,$10.84
Tart - Lemon,$26.59
Potatoes - Mini White 3 Oz,$15.08
Flour - All Purpose,$27.47
Tomato - Tricolor Cherry,$20.91
Yukon Jack,$22.06
"Mustard - Dry, Powder",$6.15
"Brownies - Two Bite, Chocolate",$2.09
Wine - Chateau Bonnet,$11.49
Wine - Semi Dry Riesling Vineland,$15.51
Compound - Orange,$23.55
"Carrots - Mini, Stem On",$22.62
Chip - Potato Dill Pickle,$23.93
Sprouts - Onion,$16.77
Yogurt - French Vanilla,$26.49
Cookies - Assorted,$25.18
Bread Crumbs - Panko,$1.16
Tomatoes - Orange,$26.27
"Pasta - Fett Alfredo, Single Serve",$15.73
Cookie - Oreo 100x2,$5.57
Vol Au Vents,$15.88
Sausage - Andouille,$4.95
Bar - Granola Trail Mix Fruit Nut,$22.28
Soup - Base Broth Chix,$17.66
Juice - Orangina,$17.40
Appetizer - Chicken Satay,$12.54
Sausage - Andouille,$26.45
"Pepper - Chillies, Crushed",$22.92
Beans - Butter Lrg Lima,$29.95
"Cheese - Romano, Grated",$9.78
Cake - Dulce De Leche,$28.67
Pancetta,$5.05
Bok Choy - Baby,$9.06
Langers - Mango Nectar,$25.97
Ginsing - Fresh,$17.62
Lobster - Live,$11.61
Wine - Hardys Bankside Shiraz,$5.60
Cinnamon - Ground,$25.83
Water Chestnut - Canned,$5.22
"Turkey - Breast, Boneless Sk On",$17.72
Onions - Red,$9.74
Rolled Oats,$3.71
Momiji Oroshi Chili Sauce,$28.11
Oil - Hazelnut,$29.50
Plate Pie Foil,$15.84
Wine - Manischewitz Concord,$13.05
"Pesto - Primerba, Paste",$17.88
Uniform Linen Charge,$17.44
Cilantro / Coriander - Fresh,$10.64
Curry Powder,$5.32
"Lamb - Leg, Boneless",$9.58
Lemons,$26.27
Cheese - Bakers Cream Cheese,$15.30
Pie Pecan,$15.12
Wine - Zonnebloem Pinotage,$27.19
"Radish - Black, Winter, Organic",$10.86
"Artichoke - Bottom, Canned",$23.33
Chicken - White Meat With Tender,$15.59
"Oil - Truffle, Black",$16.96
Pork - Ground,$6.60
Pickles - Gherkins,$5.09
Cardamon Ground,$18.79
Potatoes - Idaho 100 Count,$7.08
Pork - Back Ribs,$24.34
Pomello,$22.91
Cinnamon Rolls,$12.11
Halibut - Steaks,$5.16
"Soup - Knorr, French Onion",$22.61
Spinach - Baby,$21.54
Dome Lid Clear P92008h,$8.52
Butter - Unsalted,$29.40
"Pork - Loin, Bone - In",$18.91
Cake - Cake Sheet Macaroon,$8.88
Icecream - Dstk Strw Chseck,$18.02
Wine - Casablanca Valley,$14.32
Fenngreek Seed,$28.61
"Beef - Baby, Liver",$12.61
Veal - Osso Bucco,$1.39
Wine - Chablis J Moreau Et Fils,$15.67
Eggplant Oriental,$26.65
Sausage - Blood Pudding,$11.82
Dc Hikiage Hira Huba,$26.51
Cinnamon - Stick,$14.96
Flour - Teff,$2.56
"Nut - Almond, Blanched, Whole",$5.15
Langers - Cranberry Cocktail,$22.14
Sugar - Splenda Sweetener,$12.54
Grapes - Red,$14.70
Cleaner - Lime Away,$25.14
Beef - Top Sirloin,$26.94
Corn Kernels - Frozen,$1.51
Longos - Cheese Tortellini,$28.22
Jack Daniels,$27.04
Cake - French Pear Tart,$10.59
Chocolate - Feathers,$7.08
"Ranchero - Primerba, Paste",$6.01
Food Colouring - Green,$9.20
Sauce - Rosee,$11.26
Sausage - Meat,$1.76
Soup - Campbells Beef Noodle,$15.09
Coffee - Egg Nog Capuccino,$8.98
"Tendrils - Baby Pea, Organic",$17.99
Tomatoes - Yellow Hot House,$9.43
Mushroom - Porcini Frozen,$12.46
Cookie Dough - Oatmeal Rasin,$7.55
Juice - Mango,$15.57
Initation Crab Meat,$19.70
Wine - Bouchard La Vignee Pinot,$27.49
"Yogurt - Cherry, 175 Gr",$12.58
"Juice - Tomato, 10 Oz",$28.32
Cake Sheet Combo Party Pack,$15.47
Quiche Assorted,$20.16
Pork - Backfat,$26.04
Beer - Sleemans Cream Ale,$13.66
Wine - Masi Valpolocell,$23.26
Seabream Whole Farmed,$3.08
Horseradish - Prepared,$16.20
"Zucchini - Mini, Green",$24.67
Langers - Mango Nectar,$16.86
Lid - 0090 Clear,$11.22
Canada Dry,$10.27
Island Oasis - Mango Daiquiri,$5.26
Steel Wool S.o.s,$9.86
Oil - Safflower,$2.09
Grenadine,$5.44
Breadfruit,$9.23
"Wine - Red, Harrow Estates, Cab",$6.50
Dc - Frozen Momji,$11.49
"Wine - White, Schroder And Schyl",$25.72
"Cherries - Maraschino,jar",$14.40
Muffin Hinge Container 6,$20.66
Kiwano,$9.17
Ecolab - Power Fusion,$24.56
Ice Cream Bar - Rolo Cone,$14.52
Silicone Paper 16.5x24,$24.19
Pear - Asian,$21.09
Appetizer - Sausage Rolls,$14.36
Coffee Cup 12oz 5342cd,$22.71
Mushrooms - Honey,$4.96
Soup - French Can Pea,$4.62
"Lettuce - Romaine, Heart",$21.24
"Nut - Pine Nuts, Whole",$22.91
Lamb - Loin Chops,$13.86
Broom - Angled,$23.51
Cod - Fillets,$4.73
"Beans - Black Bean, Canned",$9.67
Pie Filling - Apple,$6.48
Wine - Chateau Aqueria Tavel,$26.83
Eggplant - Asian,$1.80
V8 - Vegetable Cocktail,$11.92
Appetizer - Lobster Phyllo Roll,$29.16
Ocean Spray - Kiwi Strawberry,$13.85
Wine - Casablanca Valley,$13.81
Gelatine Leaves - Envelopes,$18.05
"Wine - White, Pelee Island",$12.19
Sour Puss Raspberry,$27.60
Cheese - Comte,$28.51
"Corn - Cream, Canned",$2.37
Pork Casing,$29.08
Onions - Cooking,$21.23
Spinach - Spinach Leaf,$27.21
Flower - Leather Leaf Fern,$15.57
Sauce - Sesame Thai Dressing,$27.73
Flour - Masa De Harina Mexican,$20.78
"Vodka - Lemon, Absolut",$18.42
"Cheese - Brie, Triple Creme",$8.31
"Soup - Campbells, Lentil",$4.97
Sauce - Chili,$19.59
"Mushroom - Trumpet, Dry",$25.92
Oil - Olive Bertolli,$13.36
Muffin Carrot - Individual,$3.07
Wine - Pinot Noir Pond Haddock,$29.43
Apple - Custard,$20.41
Bar Nature Valley,$16.76
V8 Splash Strawberry Banana,$2.85
Cognac - Courvaisier,$3.05
Cheese - Comte,$4.09
Vinegar - White Wine,$20.93
Lighter - Bbq,$23.36
Wine - Fume Blanc Fetzer,$20.59
Cleaner - Lime Away,$8.06
Worcestershire Sauce,$18.51
Bouillion - Fish,$2.65
Juice - Lemon,$4.57
Guinea Fowl,$8.85
Mix Pina Colada,$8.43
Milk - Homo,$13.28
Tomato - Green,$7.56
Sterno - Chafing Dish Fuel,$7.23
Beef - Tenderloin Tails,$23.15
"Beans - Black Bean, Canned",$20.43
Vinegar - White,$25.05
Spic And Span All Purpose,$5.25
Fudge - Cream Fudge,$18.61
Lid - 3oz Med Rec,$1.46
Juice - Happy Planet,$18.07
Rice - Sushi,$5.46
Wine - White Cab Sauv.on,$29.48
Basil - Thai,$6.26
Muffin - Mix - Creme Brule 15l,$8.86
Longos - Grilled Chicken With,$12.13
Ginger - Pickled,$2.26
Wine - Magnotta - Bel Paese White,$10.02
Cranberry Foccacia,$6.39
"Cod - Salted, Boneless",$5.07
Chicken - Soup Base,$15.41
Wine - Duboeuf Beaujolais,$18.95
Wine - Clavet Saint Emilion,$23.39
Wine - Vovray Sec Domaine Huet,$16.59
Blackberries,$1.55
Cocoa Feuilletine,$14.68
"Tart Shells - Savory, 2",$27.71
Island Oasis - Ice Cream Mix,$6.46
Bread - Granary Small Pull,$9.98
Beef Striploin Aaa,$25.68
"Thyme - Lemon, Fresh",$22.30
Pop - Club Soda Can,$5.43
Wine - Cotes Du Rhone Parallele,$25.57
"Pepper - Julienne, Frozen",$23.95
Cod - Fillets,$16.08
"Pepper - Black, Ground",$4.72
Daikon Radish,$10.56
Pear - Halves,$9.70
Cheese - Asiago,$13.54
Pail With Metal Handle 16l White,$7.08
"Cherries - Maraschino,jar",$25.40
Oil - Margarine,$4.54
Curry Powder,$5.02
Coffee - 10oz Cup 92961,$11.15
Stainless Steel Cleaner Vision,$14.55
Remy Red,$17.83
"Yogurt - Peach, 175 Gr",$17.30
Langers - Cranberry Cocktail,$9.92
Ocean Spray - Kiwi Strawberry,$29.03
"Beef - Rouladin, Sliced",$26.45
Ice Cream Bar - Oreo Sandwich,$6.43
Beans - Green,$11.33
Dc - Frozen Momji,$26.97
"Juice - Apple, 341 Ml",$29.87
Lid Tray - 12in Dome,$23.16
Muffin Batt - Ban Dream Zero,$27.19
Trout Rainbow Whole,$15.00
Soup - Campbells - Chicken Noodle,$21.60
"Cake Circle, Foil, Scallop",$5.37
Coffee - Espresso,$2.82
"Sauce - White, Mix",$21.36
"Flour - Buckwheat, Dark",$11.20
Wooden Mop Handle,$7.19
Wine - Soave Folonari,$14.87
Appetizer - Seafood Assortment,$7.70
Vaccum Bag - 14x20,$25.42
Bowl 12 Oz - Showcase 92012,$15.50
Lettuce - Radicchio,$22.99
Magnotta - Bel Paese White,$29.30
"Tomatoes - Plum, Canned",$26.63
"Coffee - Beans, Whole",$11.87
Yeast Dry - Fermipan,$9.00
"Juice - Apple, 1.36l",$1.55
Carbonated Water - Strawberry,$13.42
"Lamb - Leg, Bone In",$22.00
Star Fruit,$5.87
"Pepper - Black, Crushed",$25.41
Lobster - Tail 6 Oz,$17.94
Wine - Vovray Sec Domaine Huet,$2.67
"Tart Shells - Savory, 4",$7.71
Trout Rainbow Whole,$2.20
"Melon - Watermelon, Seedless",$21.26
Apron,$8.53
"Beer - Alexander Kieths, Pale Ale",$1.91
Sauce - Thousand Island,$17.12
Galliano,$12.70
Apple - Macintosh,$5.64
Rice - Aborio,$8.09
"Wine - Red, Lurton Merlot De",$6.52
"Lid - High Heat, Super Clear",$13.60
"Bread - Sticks, Thin, Plain",$29.97
"Bread - Pullman, Sliced",$4.80
Russian Prince,$2.80
"Chocolate - Pistoles, White",$15.87
Lobster - Cooked,$17.81
Lamb - Rack,$2.92
Clam - Cherrystone,$4.71
Lettuce - Lambs Mash,$13.66
Tea - Camomele,$12.22
"Sauce - Bernaise, Mix",$11.24
Puree - Kiwi,$17.34
Star Fruit,$11.76
Bread - Pumpernickel,$29.19
Veal - Sweetbread,$1.84
Sponge Cake Mix - Chocolate,$4.01
Appetizer - Southwestern,$4.32
"Trout - Rainbow, Fresh",$2.20
Cookie Dough - Peanut Butter,$7.01
Muffin - Banana Nut Individual,$21.39
Milk - 2% 250 Ml,$14.36
"Sugar - Brown, Individual",$9.23
Heavy Duty Dust Pan,$7.72
Cheese - Marble,$17.48
Paste - Black Olive,$19.88
Pizza Pizza Dough,$15.31
Pastry - Key Limepoppy Seed Tea,$4.76
Pears - Bartlett,$6.25
Blueberries,$8.24
Bread Fig And Almond,$25.00
Lumpfish Black,$14.08
Ginsing - Fresh,$4.98
Langers - Cranberry Cocktail,$1.32
Bagel - Whole White Sesame,$7.49
Cookies - Englishbay Chochip,$12.42
Pepper Squash,$13.36
"Cookies - Oreo, 4 Pack",$29.46
Kiwi,$25.45
"Wine - White, Riesling, Henry Of",$15.13
Iced Tea Concentrate,$29.85
Oil - Sesame,$24.38
Pepper - Red Chili,$3.45
Tuna - Sushi Grade,$21.55
"Bread - Dark Rye, Loaf",$23.14
"Wine - Red, Lurton Merlot De",$5.73
Orange Roughy 6/8 Oz,$25.02
Sole - Fillet,$1.28
Beef - Top Butt,$22.28
"Bread - Roll, Canadian Dinner",$5.41
Wine - Conde De Valdemar,$13.14
"Wine - White, Schroder And Schyl",$28.28
Foil - Round Foil,$28.54
Cod - Fillets,$9.95
Shallots,$29.40
Rum - Mount Gay Eclipes,$3.31
Pastry - Trippleberry Muffin - Mini,$20.82
Rabbit - Whole,$21.81
"Soup - Campbells, Beef Barley",$6.30
Kippers - Smoked,$2.71
Steam Pan - Half Size Deep,$23.76
Cleaner - Bleach,$14.20
Flour Dark Rye,$13.35
"Pasta - Lasagna, Dry",$1.68
Cheese - Oka,$21.24
Croissants Thaw And Serve,$23.58
Wine - Sake,$7.61
Chocolate - Mi - Amere Semi,$27.91
Foie Gras,$9.22
Juice - Ocean Spray Cranberry,$25.23
Veal - Heart,$15.31
Pepper - Chili Powder,$15.81
Beer - Original Organic Lager,$3.88
Phyllo Dough,$3.10
Wine - Prosecco Valdobiaddene,$24.38
Remy Red Berry Infusion,$21.15
Cotton Wet Mop 16 Oz,$19.46
Wine - Spumante Bambino White,$7.29
Filter - Coffee,$25.11
Sour Puss Sour Apple,$27.71
Puree - Blackcurrant,$8.34
Cheese - Swiss,$12.59
Wine - Savigny - Les - Beaune,$10.80
Salad Dressing,$14.07
Spice - Montreal Steak Spice,$18.74
"Fish - Soup Base, Bouillon",$11.73
Relish,$29.57
Chips Potato Swt Chilli Sour,$6.54
Foam Cup 6 Oz,$9.81
Lettuce - Boston Bib - Organic,$21.07
Sponge Cake Mix - Vanilla,$9.83
Beef - Top Butt,$6.01
Horseradish Root,$22.04
Tandoori Curry Paste,$24.11
Lettuce - Curly Endive,$6.58
"Soup - Knorr, Chicken Noodle",$16.75
"Wine - Red, Mouton Cadet",$21.74
Bar Energy Chocchip,$29.31
Smirnoff Green Apple Twist,$14.72
Bacardi Limon,$21.52
Beef Cheek Fresh,$12.15
Gherkin,$29.31
Lettuce - Boston Bib - Organic,$16.43
"Pork - Back, Short Cut, Boneless",$11.44
Sauce - Sesame Thai Dressing,$26.79
Oven Mitts 17 Inch,$25.19
Langers - Ruby Red Grapfruit,$29.79
Nantucket - Orange Mango Cktl,$3.01
Wine - Manischewitz Concord,$14.33
Bread - Assorted Rolls,$17.89
Soup Campbells Mexicali Tortilla,$20.66
"Crab - Claws, 26 - 30",$14.46
Spaghetti Squash,$13.43
"Oil - Olive, Extra Virgin",$8.66
Mushroom - Portebello,$24.89
Flour - Bread,$13.22
Tomato - Plum With Basil,$14.25
Chocolate - Compound Coating,$23.73
"Cake Circle, Paprus",$16.44
Sage - Fresh,$3.59
Milk - Chocolate 500ml,$7.58
Mushroom - Crimini,$21.27
Dome Lid Clear P92008h,$6.99
Lettuce - Spring Mix,$9.87
Coffee Swiss Choc Almond,$3.98
Shallots,$25.95
Broom - Angled,$24.31
"Capon - Breast, Double, Wing On",$26.47
Bonito Flakes - Toku Katsuo,$29.82
Island Oasis - Ice Cream Mix,$28.35
Hog / Sausage Casing - Pork,$9.73
Veal - Insides Provini,$12.32
Cheese - Brick With Onion,$27.40
"Pepper - Chillies, Crushed",$21.75
Buffalo - Tenderloin,$20.22
Beef Cheek Fresh,$28.07
"Wine - Magnotta - Red, Baco",$17.89
"Pepper - Julienne, Frozen",$15.33
Soup - French Can Pea,$19.68
Spice - Onion Powder Granulated,$3.07
Bread - Raisin Walnut Pull,$11.95
"Sauce - White, Mix",$9.36
"Pasta - Canelloni, Single Serve",$23.54
Ice Cream Bar - Hagen Daz,$12.52
"Oil - Truffle, White",$4.54
"Marsala - Sperone, Fine, D.o.c.",$6.99
Sour Puss Raspberry,$12.06
Bread - Bistro Sour,$18.02
Wine - Prosecco Valdobienne,$8.25
Carrots - Jumbo,$5.47
Longos - Grilled Salmon With Bbq,$3.74
Toamtoes 6x7 Select,$18.88
Pea - Snow,$25.06
Wine - Cabernet Sauvignon,$15.48
Potatoes - Mini White 3 Oz,$8.40
Wine - Jaboulet Cotes Du Rhone,$29.47
"Wine - Red, Concha Y Toro",$26.31
Pork - Bacon Cooked Slcd,$27.65
Cheese - Grana Padano,$3.78
Juice - Orangina,$18.46
Sponge Cake Mix - Chocolate,$10.70
Sprouts - Baby Pea Tendrils,$23.85
Muffin Mix - Blueberry,$18.03
"Rum - Dark, Bacardi, Black",$28.13
Blueberries,$7.45
Truffle Shells - Semi - Sweet,$9.52
Brandy Apricot,$12.03
Cheese - Montery Jack,$6.03
Foie Gras,$4.28
Bacardi Raspberry,$5.35
Raspberries - Frozen,$20.80
"Doilies - 8, Paper",$25.54
"Stock - Beef, White",$24.21
Apples - Spartan,$8.58
Flavouring Vanilla Artificial,$1.19
Cheese - Parmesan Cubes,$16.28
Cheese - Brick With Pepper,$28.91
Mayonnaise - Individual Pkg,$19.18
Nantucket Orange Juice,$22.66
Energy Drink,$6.11
Okra,$15.92
Bread - Ciabatta Buns,$21.67
Lotus Rootlets - Canned,$11.56
Cup - 4oz Translucent,$6.18
Oneshot Automatic Soap System,$11.00
Cookie Chocolate Chip With,$20.35
Tea - Jasmin Green,$18.33
Bread - Olive Dinner Roll,$17.77
Bacardi Limon,$10.81
Oil - Peanut,$27.36
Glucose,$7.02
Nescafe - Frothy French Vanilla,$17.41
Bread - Malt,$8.36
Sauce - Oyster,$29.77
Sugar - Monocystal / Rock,$26.25
Wine - Sogrape Mateus Rose,$28.74
Drambuie,$28.20
Lambcasing,$21.09
Tequila - Sauza Silver,$8.12
"Wine - White, Ej Gallo",$12.61
"Crab - Claws, 26 - 30",$13.08
Wine - Rioja Campo Viejo,$7.71
Veal - Kidney,$28.44
Dried Figs,$28.71
Carrots - Mini Red Organic,$28.19
Tea - Black Currant,$1.50
Cookie Chocolate Chip With,$27.46
"Onions - Dried, Chopped",$11.33
Cleaner - Bleach,$13.68
Wine - Fat Bastard Merlot,$10.12
Sprouts - China Rose,$23.71
Muffin Mix - Blueberry,$12.86
Sage - Ground,$15.50
"Soup - Beef, Base Mix",$3.87
Pork - Shoulder,$18.44
"Flour - Bran, Red",$18.04
Rolled Oats,$14.86
White Fish - Filets,$25.35
Bagel - Whole White Sesame,$1.26
Bagel - Everything Presliced,$20.13
Orange - Blood,$2.76
Gatorade - Xfactor Berry,$26.78
Lemon Grass,$14.05
Celery Root,$14.39
Sour Puss Sour Apple,$15.99
Vinegar - Cider,$2.53
"Pasta - Penne, Rigate, Dry",$25.36
Foil Cont Round,$15.41
Potatoes - Idaho 100 Count,$28.41
Flower - Leather Leaf Fern,$29.83
Tea - Green,$18.60
"Juice - Apple, 1.36l",$9.41
Oranges,$20.70
Cheese - Taleggio D.o.p.,$10.88
Cheese - Perron Cheddar,$16.42
Pickles - Gherkins,$20.11
"Wine - Red, Mouton Cadet",$12.50
Broom - Push,$1.81
"Beef - Rib Roast, Cap On",$9.01
Sugar Thermometer,$19.79
Pastry - Apple Large,$27.60
Creamers - 10%,$26.95
Beer - Upper Canada Lager,$11.82
Mint - Fresh,$7.12
Wine - Piper Heidsieck Brut,$22.68
Pop - Club Soda Can,$20.45
Wine - Cousino Macul Antiguas,$9.12
Juice - Lemon,$23.92
Sugar - Brown,$4.73
Table Cloth 72x144 White,$15.83
Wine - Fino Tio Pepe Gonzalez,$6.18
"Pork - Loin, Center Cut",$8.92
Container - Clear 16 Oz,$5.77
Beef Tenderloin Aaa,$15.03
Chicken - Soup Base,$23.89
Soup - Campbells Beef Noodle,$1.68
Chicken Thigh - Bone Out,$8.12
Foam Espresso Cup Plain White,$1.92
