name,salary,department_id
Celesta Baldwin,193462,7
Rafferty Cleve,126631,8
Bernita Worvell,101548,11
Maisie Snare,86309,9
Nomi Challiss,174048,3
Ernst Fanshaw,179753,7
Dolores Kosiada,85718,8
Debee Gheeorghie,146693,7
Virginia Bes,177417,1
Guillermo Hambright,109044,11
Lincoln Bautiste,177742,9
Ray Heliot,187997,12
Eva Sollon,179285,10
Blake Dinis,55043,10
Donn Dodamead,67935,3
Toni Hryskiewicz,137803,1
Flossi Cordeux,151031,2
Felic Sheppard,163822,6
Ragnar Chelsom,113959,10
Kaia Dixon,100126,11
Silvain Milnes,69501,8
Meryl Veschi,180291,11
Norry Brougham,194172,5
Lance Dearn,169018,5
Fabian Ghilardini,51811,11
Guthrie Dorracott,176166,4
Naomi Lighterness,171864,9
Milton Stolle,156208,8
Marlow Alwell,80150,8
Scott Blasdale,151054,12
Aharon Shaul,125978,1
Dermot Magner,193935,8
Vassili Scowcraft,172756,8
Fleurette Meneo,170525,5
Clarette Mulqueeny,133082,10
Tara Sheeran,116481,11
Jakob de Guerre,76935,5
Lu Hunton,54757,10
Rikki McLinden,81948,7
Frazier Samet,71932,2
Malanie Buggs,66737,6
Micah Fruchter,156402,3
Beitris Stonebanks,151881,8
Marielle Hudghton,68763,2
Mercie Bernt,71935,5
Kennett Spiers,86832,11
Giselle Greguoli,134348,4
Kassie Harral,153230,8
Kerstin MacCarlich,173183,2
Boothe Patten,122555,7
Doro Pentlow,57019,9
Demetris Bonham,186710,12
Adelind Lapides,89976,6
Lorraine Mackrill,119584,6
Dayle Tubbs,179448,12
Arel Eivers,149323,6
Hodge Messam,182458,10
Gabi Cureton,155041,12
Moses Pygott,180605,11
Bonita Petford,166426,3
Anselma Autrie,144724,10
Barbee O'Hickee,76803,3
Cherry Mandel,163796,9
Chickie Bradwell,64541,4
Agretha Grazier,109573,3
Essie Bettleson,86007,7
Adda Kirwan,196997,10
Ariadne Gregson,169628,2
Thacher Stolte,163212,8
Brig Meynell,104379,7
Sile Timlin,193373,8
Matthiew Ladbury,85797,1
Karen Henighan,86087,4
Leonidas Tomasini,88638,6
Elise Brook,87014,4
Phillipp Tonry,170623,12
Fee Chamberlen,68543,12
Caryl Goodridge,156442,10
Davita Balshaw,144023,9
Auberon Milstead,176708,2
Leonelle Peal,68506,11
Burty Dungate,60859,2
Brandice Manton,59452,4
Danika De la croix,165630,10
Gary Bothe,101831,10
Katherina Olivera,122578,8
Diarmid Mayger,60569,2
Rebeka Daws,115199,5
Nancee Cunnell,88416,9
Andeee Mechell,136522,12
Sig Shervington,157164,8
Eduino Downing,117749,3
Garnet Cottage,168655,3
De witt Moiser,89838,2
Suzanna Ferronet,107689,4
Ode Skillen,190223,8
Kerstin Greenhow,73496,2
Norma Valentine,157223,8
Gaylor Garrison,67690,9
Elliott Bradder,77983,3
Bealle Kopp,139855,1
Josefina Baszkiewicz,64981,4
Shermie Dutt,184911,4
Jaime Ervin,114380,8
Prudi Buske,110043,12
Aubrette Vido,67789,3
Collin Eckert,70801,4
Dallas Buxam,75457,3
Monte Siddeley,150357,8
Cristabel McKinna,87419,10
Josephina Maynell,52385,10
Burg Gladwell,106768,10
Noland Potteridge,131581,9
Portie Claiton,107820,5
Wynn Dehmel,52817,8
Mace Bestiman,184595,12
Justis Ickovici,114653,4
Kristian McGrail,127970,9
Faber Dumper,78044,9
Yovonnda Zuenelli,52091,7
Sayer Tarver,148179,9
Bernard Freschini,192844,7
Veronica Segoe,188362,7
Dean Bockmann,185913,7
Valma Clewes,156630,12
Enriqueta Rivett,103792,4
Paola Forcer,71059,11
Mariam Raggatt,84759,3
Winnah Locksley,140320,9
Cecile Lynock,129441,7
Fabio Grishmanov,175857,9
Jolene Haukey,137607,7
Shem Bartoszewski,107219,1
Nealy Sharpless,97020,12
Valery Manuello,71364,6
Emlyn Olivella,178317,7
Haven Tommen,96424,5
Cobby Youngs,88839,6
Loraine Fayers,58258,12
Gwyn Addionisio,123014,8
Angele Ateggart,155358,6
Joscelin Cartman,86206,3
Anabal Bleything,64299,2
Wylma Bythell,191303,9
Malanie Burgoine,83462,2
Candra Glandon,188091,8
Lester Tailby,84121,9
Jaclyn Stiffell,58406,3
Erinn Wiltsher,197671,12
Nikki Burnsell,181456,9
Goldarina McGloin,80079,6
Georgy Toohey,147031,8
Batsheva Slyford,69778,3
Kinnie Jaulmes,83208,11
Creigh Labuschagne,69259,5
Ravi Peppin,74254,12
Cchaddie Girdlestone,113829,11
Maitilde Frenzel;,170647,6
Matthiew Tolman,125235,6
Celia Stooders,164127,9
Ambur Goldis,97520,2
Salaidh Bohan,142998,4
Guenevere Boycott,191761,2
Joyce Fitzsimmons,62125,10
Pernell Hulburt,153350,8
Aurilia Dalgetty,98661,10
Goldie Garlinge,118726,8
Ford Cotes,185093,7
Jamie Warmington,109727,7
Ezequiel Trent,77359,3
Wallis Cadreman,146536,5
Liesa Ludlam,143112,2
Prue O'Cannan,78251,6
Bertina Amis,139028,5
Ardine Witsey,171402,2
Wendie Wrangle,129473,6
Josiah Suttie,137329,5
Martie Downse,131258,6
Cynde Tonkinson,139870,8
Melvin Wallbanks,152883,12
Karil Unsworth,85910,2
Danette Verlinde,119449,7
Krystal Marzellano,84828,8
Godfrey Rudeforth,192981,11
Kriste Van Der Weedenburg,104646,12
Pauletta Greep,150129,1
Minda Simeoni,119711,2
Oneida Petherick,102427,3
Meta Cino,112298,3
Marjie Norcop,109549,8
Ag Phidgin,62611,4
Nestor O'Clery,111296,12
Stoddard Marriner,141725,2
Andriana Shasnan,178208,2
Maxi Foxworthy,134354,10
Alejandra Rapi,129727,12
Vernon Duckhouse,53374,11
Miles Marrow,118706,6
Alyce Jantzen,64964,3
Agatha Longley,96806,7
Danni Brumbie,173058,2
Vivianna Prandy,70448,11
Maximilian Dozdill,62902,10
Dicky Bax,193773,4
Kristoforo Ivimey,170490,8
Lucilia Caiger,60778,6
Alidia Crossfield,143384,9
Stephana Popham,160936,10
Hilton Blastock,169634,7
Blondell Colafate,87594,4
Xylia Stitle,85367,4
Editha Shilston,129163,12
Lind Domegan,149566,10
Vanny Lowle,57368,6
Adey Gerlts,139268,9
Forbes Micklewicz,131161,8
Beatriz Francesch,127614,7
Kaylyn Stodit,118818,3
Jesus Cogswell,152081,10
Vick Danihelka,148543,7
Lexi Woodbridge,129941,9
Irvin Plitz,91111,5
Perry Crozier,78876,9
Camala Gladdolph,96596,8
Josee Taill,139648,10
Dore Baldree,102597,4
Elysha Marvelley,135368,5
Tiffanie Braithwait,180558,7
Gwyn Pala,101599,6
Traci Dewerson,199984,2
Fairfax Buist,60486,12
Shelli Vidineev,109400,8
Latrena Dawdary,82231,6
Joane Elsip,140161,10
Raphaela Malimoe,172942,8
Agnesse Coppeard,183482,12
Karola Hardisty,180774,5
Justus Atte-Stone,194298,11
Cherlyn Gulberg,86404,8
Beau Mulvin,159836,12
Jolynn Mackness,62060,4
Fitzgerald Freke,85385,12
Kyle De Meis,111200,11
Desiree Satterley,65665,6
Berna Fransinelli,81870,3
Bart Setch,126781,9
Iolande Belcham,116376,2
Clarance Buxam,75162,3
Solomon Trusdale,107342,9
Baron McWhorter,95425,9
Zilvia Staines,129437,8
Meggi Nurcombe,149096,6
Gerri O'Lehane,136762,8
Helena Worlock,111037,11
Kippy Shields,102818,12
Vally O'Cahill,122273,2
Conny Keat,112221,10
Juliann Mc-Kerley,111921,10
Berry Egre,155957,11
Mack Fairlem,155857,2
Clark Eykelbosch,127053,5
Regan Stenner,116133,7
Mercy Randal,73177,4
Dinnie Kneale,98110,8
Shelli Brimming,122191,3
Osgood Mettrick,157696,4
Maisie Chubb,140612,10
Sally Ginnaly,127823,6
Luise Glanz,89636,7
Willey Ludy,90020,3
Chadd Chupin,187937,4
Alexina Riditch,69532,11
Corina Mordan,88965,4
Sanson Hayle,174002,12
Filmore Hughf,194907,1
Cary Silverwood,91321,1
Erwin Brazear,108468,4
Man Oldrey,114266,6
Hamlen Reubel,71157,4
Mallorie Burchall,151447,2
Caitrin O'Fallowne,161448,6
Arv Reddick,120983,12
Donall Mitchenson,101024,5
Natka Mackstead,105560,6
Fredra McAvey,61186,3
Ami Deveril,130824,5
Caria Saunder,177983,9
Jada Durrell,179740,3
Tab Roglieri,53278,12
Ulric Janicijevic,106070,8
Dewain Feenan,194950,8
Kalle Cino,146718,5
Prudy Ecob,173809,10
Eadith Kegan,151395,11
Rubin MacColl,99905,10
Winfield Wolfendale,74409,5
Robbi Bick,116099,1
Horten Rafe,69135,11
Emory Seagrove,144484,6
Fulton Dallosso,192374,5
Selby Begin,74974,5
Caty Hollingdale,195342,2
Barde Ratt,191105,9
Constancia Schurig,190612,5
Greg Waterhous,103557,6
Janaya Runge,63600,7
Danette Sumpton,194898,6
Moore McGraith,177749,5
Frans Peschet,85778,12
Vallie O'Kerin,54926,9
Oona Dendon,78804,10
Pete Reuter,145461,2
Diarmid Filinkov,126223,5
Nahum Orniz,175964,8
Fifine Pattie,67327,11
Colan Oager,77370,12
Elane Shercliff,76422,4
Tomasine Halpine,72915,7
Karel Caron,125195,12
William Lansdowne,140836,1
Alexandre Keddy,85984,3
Alisa Bladen,177788,12
Bernette Merryweather,80505,4
Simona Code,125955,1
Elliot Bugby,160156,2
Nolly Southward,184298,6
Lydia Ferne,191804,11
Laney Wisdish,82992,1
Malissa Sonier,70934,7
Lawrence Januszewski,180526,7
Alf Coppens,89117,12
Uriel Cowlard,64075,5
Dominique Gareisr,143353,12
Husain Zoren,91300,6
Julie Kenewell,63909,1
Heriberto Elwel,178754,3
Jaymie Work,135561,7
Jean Scupham,165400,9
Belinda Matus,76609,7
Desirae Burtt,136471,11
Storm Blachford,67410,10
Alissa Reith,62308,11
Jolynn Peyto,133095,7
Lydon Sinnott,190844,4
Nisse Facher,55177,10
Arlin Crummey,108784,12
Gaspar Cowap,75911,8
Ernie Alebrooke,147673,7
Kiel O'Concannon,158858,3
Felic Cornils,115322,9
Jorie Joannidi,164776,5
Fraser Rawes,171910,2
Matty Dwyr,134913,11
Stanwood Godbehere,75886,6
Bartie Speek,174989,8
Nola Pickerin,115214,1
Granger Crosetto,143842,3
Lamond Varden,54289,10
Field Benedettini,87060,2
Elissa Tonks,181814,8
Bari Jerrome,94352,10
Christoffer Buten,80803,1
Vanessa Chennells,136557,11
Gordon Dufoure,175164,10
Isobel Thomsen,89880,6
Judye Brisbane,108353,9
Allie Adamson,146290,9
Trenton Veregan,57581,7
Arly Jeavons,71305,11
Beryl Kippie,155271,8
Abbi Cardenas,84626,6
Idalina Frankiss,158905,8
Rees La Rosa,111708,4
Cello Kingzet,78281,1
Stevy Douche,120760,8
Lanny Hallagan,158928,2
Stern Hattiff,180459,4
Lukas Pittaway,198821,4
Allyn Stronough,55065,11
Jamima Dowle,176277,7
Jenelle Ivain,67977,2
Vic Windaybank,50492,3
Claresta Cochet,72312,9
Renate Costi,61764,4
Loren Ambrodi,55685,12
Althea Dudgeon,51969,5
Terence Dunbar,63791,9
Antonio Kettlestringes,173943,8
Bobbee Veltmann,175146,6
Sheela Josebury,187076,7
Devora Beesey,114868,2
Herbert Langman,55201,8
Clarisse Durdan,96665,7
Waylon Straw,149710,10
Nikola Bleackley,147815,10
Nichole Andreou,102120,6
Fiann Comelli,138218,7
Kynthia MacGraith,167194,11
Ashby Moresby,197428,9
Sheridan Priestman,149236,8
Meryl Dreini,52600,4
Welch Minithorpe,123881,2
Amabelle Dodd,184705,1
Lucinda Turbitt,80057,3
Alvinia Sangar,104631,9
Vinita Eisenberg,97080,8
Coralie Sarfatti,159658,5
Ogdon Boddymead,74628,7
Wallie Halloway,168557,8
Inessa Tobias,134423,6
Raphaela De Roeck,52681,11
Ximenez Salla,131445,5
Max Dawes,74638,5
Roberto Bonnesen,95535,3
Mandie Marcum,111149,7
Daveen Nairy,145688,2
Jenifer Dawnay,124106,11
Leroi Ivanin,73731,7
Elyse Redmain,85215,8
Siobhan Render,115173,12
Gretel Troyes,168169,5
Berton Luckings,131927,6
Vernen Furlonge,158037,4
Samara Jackling,107131,1
Leia Maggs,178839,9
Pansie Bloore,138051,9
Dominic McIlhagga,113279,5
Jordana Powlesland,156451,6
Stuart Buyers,103610,2
Jasen Bonder,106059,5
Jeremias Zanetto,66637,3
Shepperd Bourthouloume,180658,1
Emili Moen,110686,6
Winny Galier,70142,12
Amos Fouldes,197219,9
Claudine Gledhill,113751,3
Gallard Fuggles,134929,4
Milo Robet,90634,9
Zolly Leirmonth,116287,5
Talia Azema,94795,11
Genevra Brimelow,181702,6
Kesley Abbison,50112,10
Raviv Tomaszek,96076,11
Gawain Baalham,124735,11
Chaim Brisse,184403,12
Feodor Inggall,52448,2
Harmony Gosswell,146002,7
Clare Charnley,139232,9
Coralie Furmenger,112497,4
Abbe Adnett,143065,4
Maximilianus Kampshell,55097,11
Chalmers Walasik,199787,10
Jedidiah Bilbrook,107820,5
Bobby Fortescue,127872,12
Joya Bransden,104341,5
Orlan Fildery,75060,9
Bartie Warden,123332,7
Christie Harlett,104234,3
Christoper Imloch,101204,12
Rozina Coleford,118615,5
Stefan Escolme,122139,6
Jasper Patesel,191846,5
Corbet Boyland,191117,10
Rosmunda Cohr,122989,1
Vince Braham,71015,12
Willi Gilks,91683,10
Laird Ferrarotti,114456,1
Paton Irvin,120256,8
Rochester Vinall,107971,1
Britteny Pettinger,136128,12
Chrysler Hankinson,53551,9
Missy McNevin,188195,1
Ellsworth Reynault,188286,8
Blondell Cortese,193996,2
Aeriel de Aguirre,94336,7
Angele Jancar,154512,2
Rafaello Perree,165904,10
Ludovico Bailes,80027,2
Nicolette Whardley,169678,12
Quintus Melior,76974,9
Malory Kidston,54706,3
Burt McQuode,68283,2
Frederique Margach,141352,11
Brendan McIlory,191775,2
Sloane Bonick,68931,9
Idelle Fishwick,138645,12
Idelle Winspire,84748,7
Kennedy Fraanchyonok,86035,8
Ferris Doley,127247,2
Sidonia Somes,52271,1
Tatum Corker,67534,11
Isis Scallon,180097,1
L;urette Ralestone,50815,8
Arny Truman,77472,1
Barney Airdrie,138797,3
Audie Blinde,150987,2
Beatrisa Suggate,61022,10
Annissa Maus,141955,3
Conway Suerz,64701,2
Kathryne Beever,109201,5
Garret Bramble,150674,10
Felicdad Prangle,143232,9
Bonnibelle Draysey,189841,10
Katha Senescall,141739,2
Thaddus Maxworthy,178835,9
Garvy Oseland,120138,12
Tommi Highnam,134082,2
Creighton Battany,127066,7
Rona Plume,160463,6
Alayne Mowsley,93983,10
Jozef O'Luney,67273,2
Carline Hammarberg,146463,9
Caterina Sanderson,66397,3
Umberto Wimms,170187,8
Jaynell Baltrushaitis,69949,4
Mirabella Carberry,174930,7
Marya Billinge,174579,12
Stacie Sextie,182018,12
Stanislaw Garnson,182823,4
Effie Bindley,155640,12
Shannan Kitcherside,119374,6
Philippa Cleverly,86223,3
Benita Purnell,66748,12
Royal Ridolfo,165971,4
Gardner Jarred,169634,8
Averyl Sidworth,170501,4
Charis Wimbridge,142898,3
Jemie MacFadzan,52904,5
Dore Tames,198216,7
Devan Colliss,162526,1
Ephrayim Hayto,103760,8
Alejandro Cescon,91280,4
Marlowe Fist,132933,11
Jolyn Bonsey,174054,4
Eddi Skelton,85281,3
Charil Beddon,133636,3
Mirilla Featherstone,101193,3
Rutter McCaffery,130475,12
Ardine Bratty,65867,10
Winifred Cunningham,62077,7
Codi Eltun,138230,1
Melvyn Manketell,103798,10
Corenda Hickford,136165,5
Rosita Powton,95215,9
Martica Rivenzon,79829,8
Celeste Wooder,114585,6
Clevey Broxton,88612,2
Elaine Gamil,116374,8
Hilda Lorrimer,103848,9
Melesa Lonnon,119805,7
Xylina McPhail,172206,8
Batsheva Pehrsson,161651,8
Wiley Craddy,113025,8
Tabby Dauney,113967,1
Giovanna Wegman,55845,4
Toiboid Kinkade,120751,11
Gayla Zanneli,161469,9
Nilson Barrass,156874,9
Keelia Gerrens,107090,5
Vally Allaway,119049,9
Federico Ellingford,77897,8
Mala La Vigne,178421,11
Merla Penreth,138614,7
Sheelagh Dunster,198644,11
Pippa Mortlock,110069,11
Gus Leveret,158210,4
Sebastien Spikins,169967,10
Fedora McDonough,105322,4
Ricardo Chennells,85779,7
Amanda Crichten,191755,4
Koren Wakley,154871,7
Jenica Heartfield,79144,4
Cherise Gartenfeld,176402,9
Shirley Haseley,80836,3
Davie Gostridge,177516,10
Annora Burnes,63302,3
Maxy Salack,112895,6
Ninnetta Demeza,187897,2
Joye Moir,167754,4
Lisle Vanni,163442,3
Grant Helix,159423,1
Gabbi Sellar,64202,12
Vince Gamil,160847,4
Gavra Fawlks,133111,5
Olivette Backman,198462,11
Jenni Geater,87893,5
Othello Gavaghan,154704,8
Maryrose Kelleway,160861,6
Brander Locke,94669,5
Saloma Tradewell,82362,11
Alley Ramage,152362,11
Lazar Overlow,179846,12
Jennee Schimpke,84463,8
Ivett Villa,140373,4
Romola Oakeby,53572,8
Margarita MacGoun,62667,3
Duky Coy,168557,4
Cory Varty,87480,6
Garnet De Pietri,157268,4
Aldous Strettle,192435,7
Rufus Mc Combe,196253,8
Tera Duffer,171415,7
Tiler Gethen,101672,8
Tami Calderwood,158747,5
Andy Gallop,174611,2
Eden Ungerer,124362,7
Hyacinth Gosland,199703,12
Zsa zsa Rains,118356,6
Jilli Eldershaw,169761,8
Keriann Verrills,150490,5
Jean Bowich,51965,5
Milly Devon,58150,4
Sergei Tiley,90801,3
Cullan Huggard,136014,3
Bradan Bezzant,114498,9
Anselm Piner,52073,3
Ebeneser Bowle,182073,11
Marvin Lydford,134208,2
Modestia Baylay,97158,12
Llywellyn Cheese,183078,9
Thor Puckinghorne,171942,8
Thayne Sayers,174217,7
Mayer Harmeston,55606,1
Diane Bettam,101842,2
Merci Moffat,90708,4
Nadya Dolphin,79690,1
Marcelo Woltering,71552,7
Alexandre Mehmet,123504,4
Meredith Willoughby,198568,4
Welsh Brideau,117422,8
Temple Kermeen,155375,12
Lilas Hutfield,69246,5
Reta Chelsom,50692,10
Chilton Pastor,141975,6
Lorenza Bonnet,53865,3
Lothaire Grovier,62142,11
Wenona McComas,148744,11
Yehudi Rubee,119581,9
Leon Gidley,55120,4
Alfonso Guise,116605,2
Doyle Shalders,165557,3
Benton Danniel,193962,4
Patty Argue,153403,6
Darda Hambrook,178857,11
Orlan Proudman,105500,5
Augustine McTeague,191675,5
Teddy Turfrey,92552,8
Juliane Rotte,76031,7
Jacklyn Maunder,166319,3
Robers Vankin,166165,11
Gerladina Guerreau,54490,3
Minnnie Scarisbrick,147023,10
Irma Mendes,160500,6
Rafa Bosher,160064,8
Tamarra Burdis,191908,7
Salli Pimley,58241,6
Brnaba Patington,89506,6
Fidelio Shimony,67027,3
Austen Bridat,126882,2
Winn Elfleet,110559,6
Nell Handrahan,61979,10
Anastasia Brockhurst,154357,2
Kahaleel Vakhrushev,82125,4
Devina Huston,199302,6
Alvie Dunkirk,92106,11
Xena Fluit,185279,6
Murdock Luckie,120823,2
Alika Scrowson,97213,4
Ian Leimster,189550,12
Bradney Fulham,163372,10
Cristi Wetherick,140546,4
Gwenneth Carpenter,192469,5
Noby Leaning,199929,3
Wakefield Bradder,174727,7
Lillian Scriven,56889,4
Pepe Corain,165088,10
Kinsley Vasilyev,78791,8
Melesa Hiland,144211,5
Rossy Pavey,157980,6
Gabbi Sill,92214,5
Drusy Carrane,178082,5
Harris Kilshall,192057,5
Freddy Owain,195790,10
Marlene Tother,199332,2
Oliviero Dell'Abbate,106648,4
Torrence Blowfelde,127401,4
Michele Elner,78999,2
Katine Jacobi,90540,3
Edmund Antonomoli,102205,7
Ardys Birkin,181297,7
Keefer Harbard,87999,1
Daisie Chaucer,147984,4
Tull Braisted,98186,11
Bentley Pietzke,65278,4
Nessa Dumphy,158892,11
Alma Michelmore,118785,11
Vivi Buttress,139204,6
Janene Yetts,59120,6
Sheila Slevin,105671,5
Niall Pedel,124616,10
Ethe Hatherley,94506,1
Greer Beumant,52423,9
Tracy Beardsworth,194756,3
Haily Wilcock,164043,2
Bondon Bill,111147,9
Darlleen Benzies,142456,9
Harri Szymonowicz,150101,2
Kizzee Wimpenny,161474,9
Agata Chapier,60894,12
Archie Walbrun,107043,6
Thedric Plaskitt,129012,2
Galvan McCreagh,112012,9
Robinette Izhakov,171922,10
Mar Durtnel,195223,6
Osmund Dahlberg,62893,3
Lucila Cheesley,130285,8
Aila Mogie,195150,3
Pammy Gaymar,148629,8
Marve Leile,76330,7
Jabez Millam,76478,7
Caprice Leppingwell,189080,3
Bobbi Rennard,173824,10
Stearne Gravells,112193,5
Annamarie Holgan,122685,6
Josey Earle,168624,12
Hermann Stiggers,165942,4
Carmen Ciccarello,177591,12
Huntington Pleuman,188951,1
Lorne Elgie,55163,6
Emogene Rooson,153353,3
Tallia Nucator,124146,9
Mavis Esp,120486,10
Eartha Pow,198242,8
Durant Rolin,91498,9
Ignacius Dowyer,158116,10
Birgitta McGiffin,150374,7
Wilton Loudian,74070,2
Anetta Helgass,137643,8
Pincus Jarred,162442,10
Julee Heningham,157084,10
Donavon Branchett,127562,3
Aindrea Gilchrist,59879,10
Michale Dutteridge,160496,1
Michell Rosenstein,186220,1
Berte Rockingham,70046,11
Emelyne Currao,87918,2
Erhart Pidgin,108453,4
Guenevere Kempstone,106693,11
Loydie McMillan,65562,3
Tammie Quiddington,50231,12
Lela Barenski,87378,9
Lisbeth Olekhov,81575,1
Tallia Bene,74241,8
Bradly McAlester,189725,9
Cori Bracken,75383,12
Haley Dahill,143160,10
Jeane Benbough,116457,8
Leanor Parfrey,58887,3
Eugenie Godspeede,122407,4
Becky Calafato,138416,4
Dacey Towson,196343,1
Cecil Tidd,126829,8
Donnamarie McCosh,69931,9
Claudio O' Molan,75452,9
Dud Bentson,196896,3
Jethro Gudeman,195485,9
Luella Priscott,168095,3
Nicky Jeannenet,54779,8
Reine Dwire,126851,10
Lori Robecon,67215,7
Drake Bowker,85147,7
Allis Everit,54257,8
Slade Marquet,71950,4
Arline Han,86335,6
Wenda Hayfield,197587,8
Luca Stoddard,117311,4
Suzi Karlowicz,138825,3
Devora Wattingham,136144,8
Jarred Kindell,179392,10
Ade Boatswain,59855,10
Leann Posselt,105112,5
Cookie Livermore,128263,9
Emelia Wicher,189046,1
Derby Wakefield,136817,7
Sharline Gabites,86319,10
Dorothea Polino,89069,2
Anne-marie Geroldini,194903,6
Beverie Shadbolt,99146,11
Eldridge Glaum,83902,9
Eddy Muckle,93869,8
Dorian Anderton,140217,2
Cecilia Cronk,170892,8
Archaimbaud Enric,197781,7
Gaylene Benezeit,107967,7
Roxine Bernholt,136158,8
Starla Vaugham,105484,11
Nellie Puig,175244,5
Barty Van Velden,65702,6
Jareb Brabban,177855,12
Roselia Crehan,140969,5
Zorina Wickes,163207,8
Wye Ghiroldi,103732,5
Della Grimoldby,173714,5
Si Longega,147050,8
Jessie Feltoe,84317,9
Dorelle Golde,188631,10
Emanuel Wenden,97281,5
Genia Giacomozzo,64592,5
Meggie Bezzant,180866,4
Zane Laying,141208,12
Winonah Barneville,194339,1
Gottfried Simoncini,177305,2
Billye Clive,106616,3
Dore Hardesty,116888,5
Pearle Easen,52748,6
Tobye Tomasik,175968,2
Niccolo Penfold,102314,9
Daniel Tissington,142158,2
Marne Worster,197070,4
Annadiana Ellick,114726,12
Dermot Stimson,136730,8
Bryna Viel,115248,5
Graehme Mantram,150913,5
Rollins Daviot,77853,7
Adler Le Bosse,75562,8
Dante Huntly,166091,7
Kennan Voaden,175003,7
Leone Tynemouth,116359,3
Linea Naisbit,184154,1
Cooper Timmermann,108373,7
Kara Nornable,57148,5
Albrecht Gilmour,148185,11
Jasmina Walewicz,108396,4
Alexander Mora,178808,12
Bondie Pockey,159633,10
Kerrill Gentiry,64879,1
Stanton Livingstone,185273,12
Humberto Rablan,144297,11
Amalea Korfmann,149220,7
Paul Eate,121661,8
Querida Brimm,83744,1
Sarina Slay,197783,12
Odessa Eyden,113479,2
Briano Dirr,77374,4
Rhianna Bingall,172744,4
Andrej Swaffer,58006,7
Sharl Peatt,95698,1
Victor Gogerty,107424,3
Helyn Garnett,184528,4
Royce Itzkovsky,155635,8
Cyril Puden,123713,2
Carolina Iannetti,80407,7
Seana Radeliffe,105954,5
Saidee Broxap,172771,11
Dale MacIlwrick,136539,4
Selina Balfe,95347,2
Joachim Eard,150821,4
Skipp Ormshaw,113255,11
Delcina Spinnace,147805,4
Emilie Suggitt,108960,11
Falkner Royce,181389,4
Teodorico Reah,122482,7
Pearline Lecordier,109157,4
Pablo Dyster,55162,2
Guido Chidgey,134043,12
Jillayne Hellens,97316,12
Cammi Geldert,136040,5
Upton Fellow,84086,9
Morgen Aseef,120345,10
Gracie Etter,109174,6
Evelin Regitz,147179,4
Gibb Hartshorn,164300,7
Kerrie Whistance,172709,11
Adiana MacKee,74424,8
Zak Reaman,173413,5
Julina Brodway,91571,5
Marsiella Baseggio,186347,4
Sile Letford,170211,7
Valera Hurd,162507,12
Dominick Otteridge,131142,11
Florenza Bolley,162343,4
Edmund Warbey,99291,2
Ashleigh Scrace,57231,12
Vanya Furzer,149128,2
Raffaello Skeene,163849,11
Vania Bridgestock,136997,12
Maynard Minney,140667,9
Ag Edwicke,163926,11
Joey Swainsbury,153755,8
Johann Mance,189550,4
Mayer Gerred,122540,6
Ainslie Brabant,145097,12
Carlyle Norcutt,170367,3
Arthur Dussy,62108,11
Randi Sames,165598,9
Terry Peascod,161820,1
Fawn Hardington,137824,8
Sally Bockmann,122498,8
Duffie Bauldry,99166,3
Mariya Yandle,71132,9
Wilow Holburn,182885,7
Arel L'Hommeau,106725,3
Winny Mountlow,68369,8
Malena Petrelli,63266,4
Betti Trotton,126646,12
Abigale Anstiss,158510,6
Egan Harfoot,149210,9
Conni Carss,94122,10
Jasun Knibbs,93078,2
Temple Tommis,145158,9
Adria Foffano,107706,10
Athene Troker,150955,2
Grantley Brierly,139075,8
Sascha Meugens,146735,9
Jobyna Faucett,151380,4
Selie Cruickshank,112381,10
Helaina Chartman,67513,10
Balduin Antonov,116398,2
Bobbie Dackombe,51665,9
Delbert Thumnel,175384,1
Luce Doddemeade,127007,5
Christi Haskayne,150780,4
Michail Batchelour,163433,8
Marchelle Hymas,180795,9
Abbott Pitford,77446,4
Tom Ephson,104013,3
Lamar Back,190445,7
Boigie Mooney,89463,12
Arlinda Harnwell,66627,7
Stace Harlowe,167898,7
Erny Shillum,120161,2
Perrine Cromer,164395,12
Mireille Ucceli,58258,1
Marty Broadbear,184699,7
Hy Rupke,190353,2
Katherina Ridoutt,145214,10
Kelsi McNeilly,166062,7
Yvonne Prenty,81626,3
Dov Cosbee,124997,1
Pancho Inkpin,123230,4
Lonnie Diglin,72810,6
Tye Spours,79378,1
Chevy Moogan,61766,3
Jody Clardge,107171,8
Hermie Kettow,56947,9
Roderic Harte,51771,5
Lek Walak,121580,1
Sidnee Keneleyside,84058,4
Andres Escolme,195428,5
Chevalier Labbett,140547,12
Joannes Kornel,156754,9
Welby Umpleby,92402,10
Suellen Beecraft,163311,10
Charmine Durand,142078,4
Liv Mufford,199249,5
Cob Stroulger,175993,8
Lyn McGonagle,166836,8
Ula Edgworth,98457,4
Jesse MacGaffey,190270,10
Georges Quenby,127196,1
Dyane Frowen,65379,7
Lacy Wakely,119626,6
Paul Behne,117937,10
Charmane Phonix,67611,3
Artemas McKue,136166,3
Nerissa aManger,122046,10
Rayshell Philps,136190,9
Malvina Camilleri,116019,9
Kermie Nursey,178620,8
Carmelle Musgrave,59587,4
Annabal Jose,161574,1
Mikael Woodgate,122279,11
Dale Crinson,179362,10
Regan Veneur,80606,5
Sherri Moreman,68573,7
Anthiathia Pinnington,153118,2
Marie-jeanne Postin,109828,5
Austine Order,159301,4
Karel Roberti,84697,4
Micki Pineaux,68899,6
Kelsi Redwall,160667,5
Fawn Ewbank,125567,4
Cristal Pruce,181371,9
Kissee Pratte,144648,3
Byram Skey,123980,7
Milzie Wudeland,70273,5
Corrinne Ben,188560,4
Harry Kippin,126399,2
Gwendolin Halle,194170,9
Gregory Dahl,129410,8
Lindy Aleshkov,90890,4
Nanice Leitche,133498,1
Giustino Fetterplace,126215,3
Delcina Wort,109379,6
Roby Curwood,162592,10
Suzanna Sire,71347,10
Sim Fludder,100170,3
Shauna Boissier,55527,12
Kissee Aartsen,116218,2
Silvain Aldie,156119,12
